{ "height":10,
 "layers":[
        {
         "data":[19, 19, 19, 19, 19, 19, 19, 19, 19, 19, 19, 19, 19, 19, 19, 19, 19, 19, 19, 19, 19, 19, 19, 19, 19, 19, 19, 19, 19, 19, 27, 27, 27, 27, 27, 27, 27, 27, 27, 27, 33, 34, 34, 34, 34, 34, 34, 34, 34, 35, 41, 42, 42, 42, 42, 42, 42, 42, 42, 43, 41, 42, 42, 42, 42, 42, 42, 42, 42, 43, 41, 42, 42, 42, 42, 42, 42, 42, 42, 43, 41, 42, 42, 42, 42, 42, 42, 42, 42, 43, 49, 50, 50, 50, 50, 50, 50, 50, 50, 51],
         "height":10,
         "name":"backgroundLayer",
         "opacity":1,
         "type":"tilelayer",
         "visible":false,
         "width":10,
         "x":0,
         "y":0
        }, 
        {
         "data":[0, 0, 0, 0, 0, 0, 0, 0, 0, 0, 0, 125, 127, 128, 86, 87, 88, 103, 125, 0, 0, 133, 135, 136, 62, 63, 64, 0, 133, 114, 139, 140, 141, 143, 70, 71, 72, 143, 137, 122, 41, 148, 34, 151, 78, 79, 80, 151, 145, 130, 41, 0, 0, 0, 0, 0, 0, 0, 0, 43, 41, 60, 61, 0, 0, 0, 0, 0, 0, 43, 41, 68, 69, 0, 0, 0, 0, 0, 0, 43, 138, 76, 77, 0, 0, 0, 0, 0, 0, 43, 146, 50, 50, 50, 50, 50, 50, 50, 50, 51],
         "height":10,
         "name":"blockedLayer",
         "opacity":1,
         "type":"tilelayer",
         "visible":true,
         "width":10,
         "x":0,
         "y":0
        }, 
        {
         "draworder":"topdown",
         "height":0,
         "name":"objectsLayer",
         "objects":[
                {
                 "height":32,
                 "id":7,
                 "name":"",
                 "properties":
                    {
                     "type":"playerStart"
                    },
                 "rotation":0,
                 "type":"",
                 "visible":true,
                 "width":32,
                 "x":243.333,
                 "y":241.667
                }, 
                {
                 "gid":161,
                 "height":32,
                 "id":34,
                 "name":"",
                 "properties":
                    {
                     "sprite":"thehole",
                     "type":"door"
                    },
                 "rotation":0,
                 "type":"",
                 "visible":true,
                 "width":32,
                 "x":94,
                 "y":261
                }],
         "opacity":1,
         "type":"objectgroup",
         "visible":true,
         "width":0,
         "x":0,
         "y":0
        }],
 "nextobjectid":41,
 "orientation":"orthogonal",
 "properties":
    {

    },
 "renderorder":"right-down",
 "tileheight":32,
 "tilesets":[
        {
         "firstgid":1,
         "image":"..\/images\/tiles.png",
         "imageheight":765,
         "imagewidth":256,
         "margin":0,
         "name":"tiles",
         "properties":
            {

            },
         "spacing":0,
         "tilecount":184,
         "tileheight":32,
         "tilewidth":32
        }, 
        {
         "firstgid":185,
         "image":"..\/images\/tiles.png",
         "imageheight":765,
         "imagewidth":256,
         "margin":0,
         "name":"tiles",
         "properties":
            {

            },
         "spacing":0,
         "tilecount":184,
         "tileheight":32,
         "tilewidth":32
        }],
 "tilewidth":32,
 "version":1,
 "width":10
}